model,RMSE,MAE,MAP@10,Precision@10,Recall@10,HitRate@10,EvaluatedUsers
item_item_cf,0.8136326450469994,0.6131266017382462,0.4249559082892417,0.14444444444444446,0.9629629629629629,1.0,27
matrix_factorization_sgd,0.644223209750203,0.5201442731889406,0.4161743092298647,0.14814814814814814,0.9814814814814815,1.0,27
bias_baseline,0.6444082979601256,0.5533626969578488,0.3774838330393886,0.14814814814814814,0.9814814814814815,1.0,27
